{
  "accuracy": 0.987746748355011,
  "precision": 0.9928214052643028,
  "recall": 0.9026643686604696,
  "f1": 0.945598768720772,
  "far": 0.0008729861796084033,
  "detection_rate": 0.9026643686604696,
  "auc": 0.9813625946958707,
  "latency_seconds": 3.094414108731788e-06,
  "latency_ms": 0.003094414108731788
}