{
    "test_loss": 0.12061772495508194,
    "test_accuracy": 0.9664571285247803,
    "test_precision": 0.9784085154533386,
    "test_recall": 0.9082333445549011,
    "test_f1_score": 0.9420157689350875,
    "confusion_matrix": [
        [
            485791,
            4209
        ],
        [
            19271,
            190729
        ]
    ],
    "classification_report": {
        "Benign": {
            "precision": 0.9618442884239955,
            "recall": 0.9914102040816326,
            "f1-score": 0.9764034803861468,
            "support": 490000
        },
        "Attack": {
            "precision": 0.9784085196318829,
            "recall": 0.9082333333333333,
            "f1-score": 0.942015814766705,
            "support": 210000
        },
        "accuracy": 0.9664571428571429,
        "macro avg": {
            "precision": 0.9701264040279391,
            "recall": 0.949821768707483,
            "f1-score": 0.9592096475764259,
            "support": 700000
        },
        "weighted avg": {
            "precision": 0.9668135577863618,
            "recall": 0.9664571428571429,
            "f1-score": 0.9660871807003143,
            "support": 700000
        }
    },
    "benign_precision": 0.9618442884239955,
    "benign_recall": 0.9914102040816326,
    "benign_f1": 0.9764034803861468,
    "attack_precision": 0.9784085196318829,
    "attack_recall": 0.9082333333333333,
    "attack_f1": 0.942015814766705,
    "true_negative": 485791,
    "false_positive": 4209,
    "false_negative": 19271,
    "true_positive": 190729,
    "specificity": 0.9914102040814303,
    "false_positive_rate": 0.008589795918365594,
    "false_negative_rate": 0.09176666666662296,
    "training_time_seconds": 1584.153964,
    "training_time_minutes": 26.40256606666667,
    "epochs_trained": 33,
    "best_val_loss": 0.12242468446493149,
    "best_val_accuracy": 0.9661200046539307,
    "best_val_precision": 0.989966869354248,
    "best_val_recall": 0.9157142639160156,
    "best_val_f1_score": 0.9414118681856232,
    "best_val_loss_epoch": 23,
    "best_val_accuracy_epoch": 19
}