{
    "accuracy": [
        0.9321134686470032,
        0.9533065557479858,
        0.9565094113349915,
        0.9584118127822876,
        0.9592587947845459,
        0.9600791931152344,
        0.9606539011001587,
        0.9609155058860779,
        0.9613673686981201,
        0.9616424441337585,
        0.9618551135063171,
        0.9619607925415039,
        0.9630824327468872,
        0.9633175730705261,
        0.9634612202644348,
        0.9635604023933411,
        0.9636408090591431,
        0.9637061357498169,
        0.9637799859046936,
        0.9637032747268677,
        0.9636746644973755,
        0.9639403820037842,
        0.9638546705245972,
        0.9639481902122498,
        0.9640310406684875,
        0.9640653133392334,
        0.9641134738922119,
        0.9641208052635193,
        0.9646730422973633,
        0.9647138714790344,
        0.9648179411888123,
        0.9648057222366333,
        0.9648873209953308
    ],
    "loss": [
        0.22270038723945618,
        0.17789383232593536,
        0.16941046714782715,
        0.1649528294801712,
        0.16277916729450226,
        0.16074055433273315,
        0.15905550122261047,
        0.15814346075057983,
        0.1569826900959015,
        0.15597006678581238,
        0.1553533375263214,
        0.15488643944263458,
        0.15085041522979736,
        0.14982855319976807,
        0.14939796924591064,
        0.149152472615242,
        0.14883068203926086,
        0.14842455089092255,
        0.14816255867481232,
        0.1481088399887085,
        0.14791102707386017,
        0.14757972955703735,
        0.14755897223949432,
        0.147247776389122,
        0.14709527790546417,
        0.14706186950206757,
        0.14679282903671265,
        0.14683637022972107,
        0.14444704353809357,
        0.1443115621805191,
        0.14378562569618225,
        0.14379699528217316,
        0.14377200603485107
    ],
    "precision": [
        0.8892133235931396,
        0.9399721622467041,
        0.9479570984840393,
        0.9526636600494385,
        0.9546615481376648,
        0.9567279815673828,
        0.9580116868019104,
        0.9586523175239563,
        0.9597071409225464,
        0.9602822065353394,
        0.960750937461853,
        0.9609839916229248,
        0.9635024070739746,
        0.9640327095985413,
        0.9644075036048889,
        0.9645856618881226,
        0.9648016691207886,
        0.9649837017059326,
        0.9650410413742065,
        0.9646008610725403,
        0.9647029042243958,
        0.9652253985404968,
        0.965107798576355,
        0.9653026461601257,
        0.9654507637023926,
        0.9656277894973755,
        0.9657368659973145,
        0.9656612873077393,
        0.9669676423072815,
        0.966864824295044,
        0.9671688079833984,
        0.9671350717544556,
        0.9673436880111694
    ],
    "recall": [
        0.8838272094726562,
        0.9019551277160645,
        0.9046993255615234,
        0.9064108729362488,
        0.9072843790054321,
        0.9079986214637756,
        0.9086720943450928,
        0.9089210629463196,
        0.9094054698944092,
        0.9097700715065002,
        0.9100272059440613,
        0.9101551175117493,
        0.9114680290222168,
        0.9117414951324463,
        0.9118571281433105,
        0.9120190739631653,
        0.9120775461196899,
        0.9121183753013611,
        0.9123156666755676,
        0.9124979376792908,
        0.9122952222824097,
        0.9126830101013184,
        0.912506103515625,
        0.9126312732696533,
        0.9127673506736755,
        0.9127061367034912,
        0.912761926651001,
        0.9128639698028564,
        0.9134476184844971,
        0.9136925339698792,
        0.9137442111968994,
        0.9137360453605652,
        0.9138067960739136
    ],
    "val_accuracy": [
        0.9513428807258606,
        0.959097146987915,
        0.9613000154495239,
        0.9622228741645813,
        0.9629257321357727,
        0.9636685848236084,
        0.9640600085258484,
        0.9640771150588989,
        0.9638028740882874,
        0.9631943106651306,
        0.963394284248352,
        0.9640657305717468,
        0.9641656875610352,
        0.9655742645263672,
        0.9648000001907349,
        0.9614599943161011,
        0.9631542563438416,
        0.9655514359474182,
        0.9661200046539307,
        0.9649485945701599,
        0.9639056921005249,
        0.9603599905967712,
        0.965782880783081,
        0.9660199880599976,
        0.9637143015861511,
        0.9649542570114136,
        0.9597743153572083,
        0.9656371474266052,
        0.965205729007721,
        0.9657857418060303,
        0.9646114110946655,
        0.9660428762435913,
        0.9656057357788086
    ],
    "val_loss": [
        0.15813694894313812,
        0.14806140959262848,
        0.14009413123130798,
        0.13279005885124207,
        0.13350123167037964,
        0.13532184064388275,
        0.1295677125453949,
        0.13080160319805145,
        0.13011868298053741,
        0.1303136795759201,
        0.13416360318660736,
        0.13021287322044373,
        0.12740527093410492,
        0.12542997300624847,
        0.1261230856180191,
        0.13790541887283325,
        0.12817701697349548,
        0.1266043782234192,
        0.1253131479024887,
        0.12546637654304504,
        0.12653325498104095,
        0.13682276010513306,
        0.12242468446493149,
        0.1241016536951065,
        0.12647487223148346,
        0.12514424324035645,
        0.13276627659797668,
        0.1234772577881813,
        0.12381601333618164,
        0.12281284481287003,
        0.12493818253278732,
        0.12293588370084763,
        0.12372187525033951
    ],
    "val_precision": [
        0.9301122426986694,
        0.9619287252426147,
        0.9641019105911255,
        0.9781498908996582,
        0.9755860567092896,
        0.9739415645599365,
        0.9763134121894836,
        0.9738631248474121,
        0.9736331701278687,
        0.9683648347854614,
        0.986521303653717,
        0.9799050688743591,
        0.970552921295166,
        0.9804413914680481,
        0.9720094799995422,
        0.9539731740951538,
        0.9624066352844238,
        0.9831370115280151,
        0.9844081401824951,
        0.9727751016616821,
        0.966297447681427,
        0.989966869354248,
        0.9776634573936462,
        0.9798192381858826,
        0.9655690789222717,
        0.9719191193580627,
        0.9898918867111206,
        0.9753561019897461,
        0.971944272518158,
        0.9746609330177307,
        0.9676435589790344,
        0.9757707715034485,
        0.9722239375114441
    ],
    "val_recall": [
        0.9058762192726135,
        0.8992476463317871,
        0.9046857357025146,
        0.8940476179122925,
        0.8989142775535583,
        0.9030571579933167,
        0.9020857214927673,
        0.904533326625824,
        0.9038190245628357,
        0.9069428443908691,
        0.8901428580284119,
        0.8986476063728333,
        0.9081047773361206,
        0.9032666683197021,
        0.9088380932807922,
        0.9157142639160156,
        0.9128381013870239,
        0.9006190299987793,
        0.9013428688049316,
        0.9085904955863953,
        0.911476194858551,
        0.8767523765563965,
        0.9066571593284607,
        0.9053809642791748,
        0.911552369594574,
        0.9094571471214294,
        0.8748475909233093,
        0.9084095358848572,
        0.9102952480316162,
        0.909600019454956,
        0.9125523567199707,
        0.9093904495239258,
        0.911390483379364
    ],